seller_id,seller_name,seller_category,seller_city,seller_rating,monthly_order_volume
SELL0001,Fresh Electronics World 1,Electronics,Indore,4.8,6774
SELL0002,Quick Beauty Store 2,Beauty,Jaipur,3.0,5668
SELL0003,Zenith Home Store 3,Home,Gurugram,2.9,6354
SELL0004,Nova Grocery Store 4,Grocery,Gurugram,3.9,5599
SELL0005,Trust Mobiles Bazaar 5,Mobiles,Bengaluru,4.7,2573
SELL0006,Quick Books Traders 6,Books,Kolkata,2.7,5552
SELL0007,Prime Books Retail 7,Books,Chennai,3.2,7038
SELL0008,Fresh Grocery Works 8,Grocery,Nagpur,3.3,7872
SELL0009,Bright Electronics Supplies 9,Electronics,Mumbai,4.6,3694
SELL0010,Urban Grocery Retail 10,Grocery,Kochi,4.7,4207
SELL0011,Nova Sports Mart 11,Sports,Jaipur,2.9,457
SELL0012,Nova Fashion World 12,Fashion,Mumbai,4.2,7111
SELL0013,Smart Appliances Mart 13,Appliances,Kochi,3.5,464
SELL0014,Daily Books Retail 14,Books,Chennai,3.3,3407
SELL0015,Daily Furniture Kart 15,Furniture,Chennai,4.4,2855
SELL0016,Value Sports Mart 16,Sports,Kolkata,3.2,6179
SELL0017,Bright Electronics Mart 17,Electronics,Pune,2.9,5034
SELL0018,Bright Beauty Store 18,Beauty,Nagpur,4.6,1305
SELL0019,Galaxy Books World 19,Books,Mumbai,4.8,7005
SELL0020,Quick Appliances Mart 20,Appliances,Chennai,3.8,4671
SELL0021,Prime Furniture Supplies 21,Furniture,Chennai,3.3,1305
SELL0022,Bright Sports Retail 22,Sports,Kolkata,3.5,3839
SELL0023,Mega Fashion Works 23,Fashion,Kolkata,3.9,1487
SELL0024,Prime Fashion Works 24,Fashion,Gurugram,3.1,7566
SELL0025,Smart Fashion Bazaar 25,Fashion,Kolkata,2.7,7751
SELL0026,Smart Appliances Supplies 26,Appliances,Kolkata,4.2,2463
SELL0027,Eco Appliances Hub 27,Appliances,Noida,2.9,6393
SELL0028,Eco Furniture World 28,Furniture,Hyderabad,3.9,4653
SELL0029,Mega Furniture Supplies 29,Furniture,Indore,4.5,8688
SELL0030,Galaxy Home Store 30,Home,Chennai,3.0,6988
SELL0031,Smart Electronics Works 31,Electronics,Pune,3.1,8717
SELL0032,Prime Grocery World 32,Grocery,Gurugram,4.8,8170
SELL0033,Metro Grocery Mart 33,Grocery,Kochi,3.4,1621
SELL0034,Quick Furniture Traders 34,Furniture,Kochi,2.9,6737
SELL0035,Zenith Grocery Kart 35,Grocery,Ahmedabad,3.5,1046
SELL0036,Elite Sports Bazaar 36,Sports,Indore,4.5,3592
SELL0037,Elite Grocery Traders 37,Grocery,Noida,3.6,881
SELL0038,Urban Home Supplies 38,Home,Indore,4.4,3895
SELL0039,Prime Books Hub 39,Books,Delhi,3.1,6419
SELL0040,Prime Grocery Works 40,Grocery,Kolkata,4.3,1391
SELL0041,Value Grocery Hub 41,Grocery,Ahmedabad,3.5,6778
SELL0042,Galaxy Books Kart 42,Books,Hyderabad,4.3,5626
SELL0043,Quick Furniture Retail 43,Furniture,Delhi,4.3,8019
SELL0044,Eco Books Bazaar 44,Books,Kolkata,3.8,6791
SELL0045,Eco Sports Store 45,Sports,Hyderabad,4.3,5210
SELL0046,Smart Electronics World 46,Electronics,Indore,3.4,8634
SELL0047,Smart Mobiles Bazaar 47,Mobiles,Chennai,3.1,8992
SELL0048,Bright Appliances Supplies 48,Appliances,Mumbai,4.0,5014
SELL0049,Value Mobiles Kart 49,Mobiles,Noida,4.7,3878
SELL0050,Royal Books Store 50,Books,Pune,2.9,6124
SELL0051,Royal Furniture World 51,Furniture,Nagpur,4.7,8477
SELL0052,Eco Home Mart 52,Home,Delhi,4.3,5866
SELL0053,Eco Sports World 53,Sports,Indore,4.8,5135
SELL0054,Bright Books Mart 54,Books,Kochi,3.4,3264
SELL0055,Mega Sports Kart 55,Sports,Gurugram,3.1,2431
SELL0056,Eco Books Mart 56,Books,Coimbatore,3.7,5885
SELL0057,Mega Furniture Retail 57,Furniture,Hyderabad,3.0,7280
SELL0058,Elite Beauty Traders 58,Beauty,Hyderabad,4.9,7833
SELL0059,Daily Home Works 59,Home,Lucknow,4.3,5016
SELL0060,Galaxy Appliances Kart 60,Appliances,Ahmedabad,4.7,1327
SELL0061,Elite Grocery Traders 61,Grocery,Lucknow,3.5,5738
SELL0062,Daily Electronics Works 62,Electronics,Delhi,3.1,7193
SELL0063,Metro Furniture World 63,Furniture,Mumbai,3.1,3052
SELL0064,Mega Appliances Bazaar 64,Appliances,Kolkata,3.5,1201
SELL0065,Trust Grocery Kart 65,Grocery,Gurugram,2.9,918
SELL0066,Quick Books Works 66,Books,Delhi,4.1,6382
SELL0067,Galaxy Home World 67,Home,Bengaluru,4.1,1533
SELL0068,Urban Beauty Retail 68,Beauty,Kochi,3.4,1994
SELL0069,Elite Home Retail 69,Home,Chennai,4.2,619
SELL0070,Prime Furniture Works 70,Furniture,Lucknow,2.7,8540
SELL0071,Fresh Mobiles World 71,Mobiles,Gurugram,4.4,8964
SELL0072,Zenith Home World 72,Home,Kolkata,3.6,5477
SELL0073,Metro Furniture Retail 73,Furniture,Chennai,4.5,2237
SELL0074,Prime Mobiles Works 74,Mobiles,Coimbatore,4.6,5122
SELL0075,Nova Home Retail 75,Home,Coimbatore,3.0,3693
SELL0076,Urban Beauty Store 76,Beauty,Ahmedabad,3.1,7006
SELL0077,Mega Beauty Bazaar 77,Beauty,Delhi,3.6,7244
SELL0078,Nova Home Works 78,Home,Kolkata,4.7,1665
SELL0079,Galaxy Beauty Store 79,Beauty,Delhi,4.0,3755
SELL0080,Urban Sports Supplies 80,Sports,Indore,2.8,575
SELL0081,Metro Sports Retail 81,Sports,Nagpur,4.1,1418
SELL0082,Daily Appliances Bazaar 82,Appliances,Mumbai,3.9,4550
SELL0083,Trust Fashion Works 83,Fashion,Indore,4.1,8277
SELL0084,Eco Appliances Bazaar 84,Appliances,Kochi,2.8,7628
SELL0085,Mega Grocery Kart 85,Grocery,Ahmedabad,3.9,4882
SELL0086,Zenith Grocery Retail 86,Grocery,Nagpur,3.9,1740
SELL0087,Zenith Fashion Traders 87,Fashion,Gurugram,4.7,5249
SELL0088,Value Books Supplies 88,Books,Delhi,2.8,1659
SELL0089,Eco Grocery World 89,Grocery,Nagpur,4.3,3372
SELL0090,Prime Grocery Hub 90,Grocery,Jaipur,3.9,842
SELL0091,Eco Mobiles Bazaar 91,Mobiles,Gurugram,4.1,1520
SELL0092,Nova Grocery Works 92,Grocery,Hyderabad,4.1,700
SELL0093,Metro Electronics Mart 93,Electronics,Bengaluru,2.8,6469
SELL0094,Fresh Sports Mart 94,Sports,Mumbai,2.8,8703
SELL0095,Daily Mobiles Kart 95,Mobiles,Bengaluru,3.5,8617
SELL0096,Royal Beauty Supplies 96,Beauty,Delhi,3.1,1202
SELL0097,Fresh Electronics Traders 97,Electronics,Kochi,3.0,6325
SELL0098,Metro Appliances Hub 98,Appliances,Noida,3.9,1157
SELL0099,Urban Books Traders 99,Books,Ahmedabad,3.1,6233
SELL0100,Urban Sports Store 100,Sports,Hyderabad,3.1,619
SELL0101,Value Books Kart 101,Books,Indore,2.7,4695
SELL0102,Prime Home Store 102,Home,Kolkata,3.4,7460
SELL0103,Smart Books World 103,Books,Coimbatore,3.9,121
SELL0104,Bright Grocery World 104,Grocery,Chennai,4.1,8356
SELL0105,Galaxy Home Supplies 105,Home,Kolkata,2.9,6199
SELL0106,Urban Electronics Works 106,Electronics,Jaipur,3.4,5384
SELL0107,Quick Furniture World 107,Furniture,Nagpur,4.3,3827
SELL0108,Galaxy Mobiles Bazaar 108,Mobiles,Ahmedabad,4.6,2297
SELL0109,Mega Grocery Store 109,Grocery,Pune,4.0,1619
SELL0110,Smart Grocery Store 110,Grocery,Kolkata,3.6,7082
SELL0111,Prime Beauty Traders 111,Beauty,Delhi,3.7,4300
SELL0112,Eco Sports Hub 112,Sports,Lucknow,2.9,5745
SELL0113,Zenith Sports World 113,Sports,Kolkata,4.8,6513
SELL0114,Prime Beauty Kart 114,Beauty,Chennai,3.8,6470
SELL0115,Elite Appliances Store 115,Appliances,Delhi,2.7,3864
SELL0116,Smart Sports Kart 116,Sports,Chennai,3.5,2858
SELL0117,Zenith Electronics World 117,Electronics,Pune,3.5,1391
SELL0118,Smart Appliances Traders 118,Appliances,Jaipur,3.0,4425
SELL0119,Fresh Fashion Kart 119,Fashion,Bengaluru,3.9,3337
SELL0120,Quick Mobiles Mart 120,Mobiles,Kochi,4.6,3724
SELL0121,Elite Beauty Supplies 121,Beauty,Pune,3.4,8354
SELL0122,Mega Mobiles Supplies 122,Mobiles,Hyderabad,3.2,8845
SELL0123,Galaxy Furniture World 123,Furniture,Hyderabad,3.5,8929
SELL0124,Daily Beauty Bazaar 124,Beauty,Lucknow,3.9,4151
SELL0125,Bright Furniture World 125,Furniture,Ahmedabad,4.5,6136
SELL0126,Metro Books Works 126,Books,Kolkata,3.9,3815
SELL0127,Value Electronics Works 127,Electronics,Hyderabad,4.8,7720
SELL0128,Fresh Grocery Supplies 128,Grocery,Kolkata,4.0,7512
SELL0129,Metro Grocery Kart 129,Grocery,Jaipur,4.6,550
SELL0130,Urban Mobiles Traders 130,Mobiles,Indore,2.9,2839
SELL0131,Zenith Fashion Hub 131,Fashion,Bengaluru,4.4,4642
SELL0132,Prime Books Works 132,Books,Pune,3.1,2938
SELL0133,Prime Sports Traders 133,Sports,Nagpur,3.2,8589
SELL0134,Zenith Beauty Hub 134,Beauty,Delhi,4.7,2768
SELL0135,Trust Grocery Kart 135,Grocery,Kochi,4.0,8533
SELL0136,Galaxy Electronics Retail 136,Electronics,Coimbatore,4.8,1167
SELL0137,Mega Mobiles Mart 137,Mobiles,Indore,3.1,643
SELL0138,Elite Books Bazaar 138,Books,Bengaluru,4.7,767
SELL0139,Eco Beauty Traders 139,Beauty,Delhi,2.7,8459
SELL0140,Prime Mobiles World 140,Mobiles,Jaipur,4.5,942
SELL0141,Nova Electronics Kart 141,Electronics,Jaipur,4.9,2452
SELL0142,Daily Furniture Mart 142,Furniture,Bengaluru,4.6,7788
SELL0143,Nova Fashion World 143,Fashion,Pune,3.3,7892
SELL0144,Bright Grocery Works 144,Grocery,Coimbatore,4.3,8240
SELL0145,Quick Sports Supplies 145,Sports,Noida,4.5,4426
SELL0146,Royal Fashion Traders 146,Fashion,Gurugram,4.1,3208
SELL0147,Smart Sports Kart 147,Sports,Jaipur,3.1,8144
SELL0148,Eco Home Store 148,Home,Gurugram,3.3,3791
SELL0149,Metro Fashion Traders 149,Fashion,Gurugram,4.8,4602
SELL0150,Prime Books Traders 150,Books,Jaipur,4.3,4894
SELL0151,Prime Beauty Hub 151,Beauty,Delhi,4.1,8037
SELL0152,Nova Furniture Bazaar 152,Furniture,Mumbai,3.9,8321
SELL0153,Trust Grocery Kart 153,Grocery,Pune,3.7,8495
SELL0154,Galaxy Mobiles Supplies 154,Mobiles,Coimbatore,4.8,3214
SELL0155,Urban Furniture Kart 155,Furniture,Bengaluru,4.5,1603
SELL0156,Smart Furniture World 156,Furniture,Bengaluru,3.2,7260
SELL0157,Royal Home Bazaar 157,Home,Pune,4.7,985
SELL0158,Smart Fashion Traders 158,Fashion,Ahmedabad,4.2,5726
SELL0159,Zenith Books Retail 159,Books,Hyderabad,3.6,8156
SELL0160,Mega Home Retail 160,Home,Lucknow,4.0,1785
SELL0161,Eco Electronics Retail 161,Electronics,Pune,4.0,8475
SELL0162,Urban Home Kart 162,Home,Jaipur,2.9,5057
SELL0163,Mega Furniture Retail 163,Furniture,Delhi,2.8,3554
SELL0164,Value Sports Retail 164,Sports,Hyderabad,3.6,697
SELL0165,Smart Appliances Works 165,Appliances,Hyderabad,4.3,3694
SELL0166,Trust Home Mart 166,Home,Lucknow,3.8,1497
SELL0167,Royal Sports World 167,Sports,Kochi,3.0,8446
SELL0168,Smart Grocery Hub 168,Grocery,Jaipur,3.2,6117
SELL0169,Elite Fashion Supplies 169,Fashion,Kochi,3.3,4321
SELL0170,Smart Books Hub 170,Books,Pune,4.7,1255
SELL0171,Value Electronics Bazaar 171,Electronics,Lucknow,4.7,1148
SELL0172,Prime Grocery Mart 172,Grocery,Indore,3.6,7456
SELL0173,Fresh Mobiles Supplies 173,Mobiles,Kolkata,4.3,3091
SELL0174,Daily Grocery Store 174,Grocery,Mumbai,3.4,5384
SELL0175,Smart Fashion Store 175,Fashion,Chennai,4.8,5476
SELL0176,Metro Mobiles Bazaar 176,Mobiles,Kolkata,4.0,3431
SELL0177,Galaxy Fashion Store 177,Fashion,Kochi,3.2,8439
SELL0178,Fresh Furniture Works 178,Furniture,Delhi,4.6,4108
SELL0179,Fresh Beauty Mart 179,Beauty,Lucknow,4.1,1371
SELL0180,Bright Appliances World 180,Appliances,Ahmedabad,4.9,3557
SELL0181,Royal Fashion Works 181,Fashion,Indore,4.1,8796
SELL0182,Value Beauty Kart 182,Beauty,Hyderabad,3.4,8895
SELL0183,Daily Home Works 183,Home,Hyderabad,4.7,6672
SELL0184,Value Home Bazaar 184,Home,Nagpur,4.3,6112
SELL0185,Daily Beauty Mart 185,Beauty,Coimbatore,2.9,3682
SELL0186,Eco Beauty Traders 186,Beauty,Hyderabad,4.5,3242
SELL0187,Elite Home Mart 187,Home,Chennai,4.3,8361
SELL0188,Metro Sports Traders 188,Sports,Hyderabad,3.7,5181
SELL0189,Galaxy Fashion Traders 189,Fashion,Jaipur,3.2,3289
SELL0190,Nova Fashion Store 190,Fashion,Hyderabad,3.9,8303
SELL0191,Value Mobiles Works 191,Mobiles,Delhi,3.8,4023
SELL0192,Fresh Beauty Store 192,Beauty,Bengaluru,3.9,401
SELL0193,Value Sports Hub 193,Sports,Bengaluru,3.0,5391
SELL0194,Trust Home World 194,Home,Pune,2.8,832
SELL0195,Smart Fashion Hub 195,Fashion,Gurugram,4.6,5557
SELL0196,Nova Books Kart 196,Books,Nagpur,2.8,1789
SELL0197,Metro Electronics Hub 197,Electronics,Noida,3.5,5151
SELL0198,Nova Furniture Traders 198,Furniture,Noida,4.2,7678
SELL0199,Trust Fashion Retail 199,Fashion,Coimbatore,4.1,4322
SELL0200,Metro Books Works 200,Books,Hyderabad,3.8,8967
SELL0201,Fresh Sports Mart 201,Sports,Lucknow,3.1,354
SELL0202,Eco Appliances Retail 202,Appliances,Noida,3.3,3130
SELL0203,Zenith Appliances Supplies 203,Appliances,Mumbai,2.9,5237
SELL0204,Mega Fashion Retail 204,Fashion,Coimbatore,3.4,3530
SELL0205,Mega Books Bazaar 205,Books,Chennai,4.3,841
SELL0206,Elite Electronics Hub 206,Electronics,Lucknow,4.9,2723
SELL0207,Urban Home Store 207,Home,Coimbatore,3.3,824
SELL0208,Prime Electronics Supplies 208,Electronics,Nagpur,4.2,5644
SELL0209,Zenith Mobiles World 209,Mobiles,Gurugram,3.6,2477
SELL0210,Elite Appliances Works 210,Appliances,Delhi,4.5,7332
SELL0211,Galaxy Beauty Retail 211,Beauty,Jaipur,3.4,8297
SELL0212,Trust Electronics World 212,Electronics,Ahmedabad,3.0,7986
SELL0213,Bright Mobiles Traders 213,Mobiles,Coimbatore,4.9,5903
SELL0214,Daily Sports Bazaar 214,Sports,Bengaluru,3.5,7687
SELL0215,Quick Grocery Traders 215,Grocery,Pune,4.2,8080
SELL0216,Royal Fashion Traders 216,Fashion,Bengaluru,3.0,746
SELL0217,Mega Mobiles Hub 217,Mobiles,Chennai,3.5,5222
SELL0218,Fresh Fashion Supplies 218,Fashion,Indore,2.8,4714
SELL0219,Metro Sports Retail 219,Sports,Ahmedabad,3.3,8707
SELL0220,Royal Books Supplies 220,Books,Chennai,3.5,4537
SELL0221,Nova Sports Hub 221,Sports,Chennai,3.5,3276
SELL0222,Daily Fashion Hub 222,Fashion,Delhi,2.8,2439
SELL0223,Nova Sports Mart 223,Sports,Pune,4.9,4794
SELL0224,Eco Fashion Works 224,Fashion,Bengaluru,3.9,6082
SELL0225,Zenith Fashion Retail 225,Fashion,Kolkata,4.6,1837
SELL0226,Zenith Beauty Kart 226,Beauty,Chennai,4.6,5331
SELL0227,Fresh Mobiles Kart 227,Mobiles,Delhi,3.0,6223
SELL0228,Smart Mobiles Traders 228,Mobiles,Hyderabad,3.4,2510
SELL0229,Prime Mobiles Hub 229,Mobiles,Delhi,4.3,5201
SELL0230,Quick Mobiles Hub 230,Mobiles,Chennai,3.6,5623
SELL0231,Value Appliances Supplies 231,Appliances,Hyderabad,3.3,1444
SELL0232,Elite Fashion Traders 232,Fashion,Pune,3.5,8108
SELL0233,Nova Electronics Retail 233,Electronics,Coimbatore,4.6,2628
SELL0234,Zenith Home Bazaar 234,Home,Hyderabad,3.7,6933
SELL0235,Smart Furniture Supplies 235,Furniture,Ahmedabad,4.5,4375
SELL0236,Bright Fashion Traders 236,Fashion,Nagpur,3.2,7684
SELL0237,Smart Mobiles Mart 237,Mobiles,Chennai,2.9,5188
SELL0238,Royal Mobiles Mart 238,Mobiles,Indore,3.2,4647
SELL0239,Metro Appliances Hub 239,Appliances,Coimbatore,3.6,8660
SELL0240,Galaxy Sports World 240,Sports,Noida,4.8,3177
SELL0241,Smart Sports Store 241,Sports,Kochi,3.2,7475
SELL0242,Galaxy Electronics Supplies 242,Electronics,Gurugram,4.7,5856
SELL0243,Prime Mobiles Retail 243,Mobiles,Chennai,3.3,5442
SELL0244,Elite Beauty Supplies 244,Beauty,Hyderabad,3.5,2194
SELL0245,Zenith Appliances Retail 245,Appliances,Ahmedabad,4.0,8875
SELL0246,Trust Mobiles Traders 246,Mobiles,Kochi,4.1,5276
SELL0247,Prime Grocery Retail 247,Grocery,Gurugram,3.2,4010
SELL0248,Daily Grocery World 248,Grocery,Ahmedabad,3.5,7667
SELL0249,Value Electronics Bazaar 249,Electronics,Bengaluru,3.3,858
SELL0250,Elite Fashion Kart 250,Fashion,Nagpur,3.9,5310
SELL0251,Prime Furniture World 251,Furniture,Hyderabad,2.7,2745
SELL0252,Prime Appliances Bazaar 252,Appliances,Lucknow,3.5,6306
SELL0253,Urban Beauty Kart 253,Beauty,Kolkata,3.1,8566
SELL0254,Metro Home Traders 254,Home,Bengaluru,2.9,8336
SELL0255,Trust Grocery Kart 255,Grocery,Coimbatore,3.7,4070
SELL0256,Fresh Furniture Hub 256,Furniture,Mumbai,4.6,4723
SELL0257,Zenith Electronics Retail 257,Electronics,Kochi,3.9,8199
SELL0258,Zenith Furniture Mart 258,Furniture,Kolkata,2.7,3071
SELL0259,Metro Books Supplies 259,Books,Chennai,3.1,1305
SELL0260,Elite Beauty World 260,Beauty,Delhi,3.9,6062
SELL0261,Trust Grocery Hub 261,Grocery,Jaipur,3.6,2563
SELL0262,Nova Mobiles Kart 262,Mobiles,Bengaluru,3.7,4958
SELL0263,Urban Home Traders 263,Home,Noida,4.9,7084
SELL0264,Trust Sports Supplies 264,Sports,Hyderabad,3.4,1705
SELL0265,Urban Fashion World 265,Fashion,Bengaluru,3.1,1775
SELL0266,Smart Sports Kart 266,Sports,Bengaluru,3.2,5322
SELL0267,Nova Sports Bazaar 267,Sports,Mumbai,4.7,6397
SELL0268,Prime Mobiles Kart 268,Mobiles,Kochi,2.7,6577
SELL0269,Zenith Mobiles Kart 269,Mobiles,Ahmedabad,3.2,910
SELL0270,Daily Electronics Traders 270,Electronics,Pune,4.3,6467
SELL0271,Elite Furniture Bazaar 271,Furniture,Indore,4.1,8749
SELL0272,Trust Beauty Hub 272,Beauty,Hyderabad,3.0,3142
SELL0273,Quick Fashion Supplies 273,Fashion,Nagpur,4.5,4546
SELL0274,Quick Electronics Hub 274,Electronics,Ahmedabad,4.0,8700
SELL0275,Smart Home Kart 275,Home,Kolkata,4.3,4803
SELL0276,Urban Electronics Retail 276,Electronics,Kochi,3.7,8786
SELL0277,Value Beauty Hub 277,Beauty,Ahmedabad,3.5,6394
SELL0278,Mega Appliances Hub 278,Appliances,Ahmedabad,3.5,7724
SELL0279,Mega Electronics Traders 279,Electronics,Noida,4.8,5140
SELL0280,Daily Mobiles Bazaar 280,Mobiles,Kochi,2.7,1573
SELL0281,Galaxy Appliances Bazaar 281,Appliances,Chennai,3.0,5673
SELL0282,Eco Sports Bazaar 282,Sports,Kochi,4.1,1970
SELL0283,Trust Home Supplies 283,Home,Kochi,3.8,8721
SELL0284,Eco Mobiles Bazaar 284,Mobiles,Ahmedabad,4.7,5893
SELL0285,Mega Grocery Store 285,Grocery,Kochi,3.1,3780
SELL0286,Fresh Grocery Retail 286,Grocery,Jaipur,2.8,3635
SELL0287,Bright Electronics Store 287,Electronics,Chennai,3.2,1197
SELL0288,Fresh Furniture Bazaar 288,Furniture,Kochi,4.8,4350
SELL0289,Daily Appliances Bazaar 289,Appliances,Noida,3.4,5390
SELL0290,Daily Home Bazaar 290,Home,Hyderabad,4.7,4305
SELL0291,Daily Books World 291,Books,Nagpur,4.6,1747
SELL0292,Galaxy Grocery Hub 292,Grocery,Bengaluru,3.9,8111
SELL0293,Zenith Appliances Works 293,Appliances,Noida,3.0,5833
SELL0294,Mega Home Retail 294,Home,Lucknow,2.9,8643
SELL0295,Zenith Appliances Kart 295,Appliances,Pune,3.4,4729
SELL0296,Daily Mobiles Traders 296,Mobiles,Lucknow,2.8,7663
SELL0297,Bright Appliances Supplies 297,Appliances,Hyderabad,4.2,1041
SELL0298,Metro Beauty Supplies 298,Beauty,Coimbatore,4.8,2976
SELL0299,Bright Appliances Kart 299,Appliances,Indore,4.9,5082
SELL0300,Royal Home Kart 300,Home,Hyderabad,4.7,813
SELL0301,Urban Books Kart 301,Books,Kolkata,4.2,8478
SELL0302,Bright Electronics Retail 302,Electronics,Bengaluru,3.2,1792
SELL0303,Galaxy Grocery Store 303,Grocery,Jaipur,4.8,516
SELL0304,Quick Electronics Hub 304,Electronics,Delhi,3.7,4048
SELL0305,Nova Fashion Mart 305,Fashion,Kochi,3.7,5446
SELL0306,Prime Beauty Bazaar 306,Beauty,Noida,3.5,2032
SELL0307,Galaxy Mobiles Store 307,Mobiles,Jaipur,3.1,654
SELL0308,Fresh Grocery Supplies 308,Grocery,Pune,4.7,936
SELL0309,Urban Fashion Works 309,Fashion,Indore,4.7,982
SELL0310,Eco Fashion Retail 310,Fashion,Pune,2.8,8694
SELL0311,Elite Fashion Retail 311,Fashion,Kolkata,2.8,6411
SELL0312,Bright Fashion Works 312,Fashion,Noida,4.2,5021
SELL0313,Nova Furniture World 313,Furniture,Hyderabad,4.3,2577
SELL0314,Urban Books Mart 314,Books,Hyderabad,4.6,672
SELL0315,Prime Electronics Retail 315,Electronics,Hyderabad,4.0,8247
SELL0316,Zenith Grocery Traders 316,Grocery,Kochi,4.1,7375
SELL0317,Galaxy Fashion Store 317,Fashion,Nagpur,4.8,7677
SELL0318,Zenith Sports Bazaar 318,Sports,Chennai,4.4,1525
SELL0319,Daily Mobiles World 319,Mobiles,Gurugram,4.8,1162
SELL0320,Nova Electronics Retail 320,Electronics,Indore,3.0,8496
SELL0321,Quick Mobiles World 321,Mobiles,Bengaluru,3.7,7967
SELL0322,Bright Books Kart 322,Books,Mumbai,3.8,6085
SELL0323,Galaxy Electronics Hub 323,Electronics,Chennai,3.0,3913
SELL0324,Bright Fashion Mart 324,Fashion,Gurugram,3.1,5211
SELL0325,Urban Fashion Traders 325,Fashion,Chennai,4.9,2297
SELL0326,Elite Furniture World 326,Furniture,Hyderabad,4.7,3902
SELL0327,Prime Books Hub 327,Books,Hyderabad,3.8,3773
SELL0328,Galaxy Beauty Supplies 328,Beauty,Bengaluru,3.8,7079
SELL0329,Fresh Fashion Hub 329,Fashion,Kolkata,3.1,4811
SELL0330,Quick Furniture Works 330,Furniture,Gurugram,4.5,5718
SELL0331,Zenith Grocery Traders 331,Grocery,Chennai,4.4,4314
SELL0332,Fresh Furniture Kart 332,Furniture,Ahmedabad,4.0,3399
SELL0333,Galaxy Sports Supplies 333,Sports,Hyderabad,4.0,8287
SELL0334,Prime Books Traders 334,Books,Bengaluru,2.8,2666
SELL0335,Bright Grocery Works 335,Grocery,Chennai,3.8,5003
SELL0336,Metro Sports Supplies 336,Sports,Lucknow,4.8,4167
SELL0337,Bright Appliances Kart 337,Appliances,Indore,3.0,5798
SELL0338,Mega Beauty Works 338,Beauty,Hyderabad,4.0,6803
SELL0339,Zenith Appliances Hub 339,Appliances,Jaipur,3.8,3141
SELL0340,Galaxy Sports Supplies 340,Sports,Kochi,4.2,1161
SELL0341,Elite Fashion Kart 341,Fashion,Hyderabad,3.7,729
SELL0342,Smart Beauty Store 342,Beauty,Kolkata,3.8,643
SELL0343,Prime Sports Hub 343,Sports,Coimbatore,4.1,4622
SELL0344,Metro Books Mart 344,Books,Indore,4.3,8221
SELL0345,Daily Furniture Bazaar 345,Furniture,Delhi,2.7,7664
SELL0346,Quick Furniture Supplies 346,Furniture,Delhi,3.7,6875
SELL0347,Mega Grocery Retail 347,Grocery,Ahmedabad,2.9,4431
SELL0348,Daily Appliances World 348,Appliances,Coimbatore,3.3,5825
SELL0349,Eco Fashion Works 349,Fashion,Nagpur,3.3,1433
SELL0350,Royal Furniture Supplies 350,Furniture,Mumbai,3.3,8683
SELL0351,Fresh Electronics Supplies 351,Electronics,Indore,3.8,8333
SELL0352,Value Grocery Bazaar 352,Grocery,Coimbatore,4.8,4377
SELL0353,Nova Grocery Supplies 353,Grocery,Hyderabad,3.2,3935
SELL0354,Galaxy Appliances Mart 354,Appliances,Indore,3.8,2163
SELL0355,Prime Home Kart 355,Home,Chennai,4.4,7430
SELL0356,Daily Electronics Kart 356,Electronics,Lucknow,2.9,2653
SELL0357,Quick Beauty Works 357,Beauty,Kolkata,3.8,3242
SELL0358,Mega Fashion Hub 358,Fashion,Lucknow,3.2,4856
SELL0359,Daily Mobiles Bazaar 359,Mobiles,Mumbai,3.0,4432
SELL0360,Elite Electronics Supplies 360,Electronics,Coimbatore,3.5,1618
SELL0361,Prime Home Traders 361,Home,Kochi,4.8,2196
SELL0362,Elite Sports Works 362,Sports,Chennai,4.9,4317
SELL0363,Fresh Mobiles Hub 363,Mobiles,Pune,3.8,3534
SELL0364,Elite Sports Works 364,Sports,Delhi,4.0,7388
SELL0365,Elite Beauty Retail 365,Beauty,Indore,4.4,2382
SELL0366,Mega Books Hub 366,Books,Gurugram,3.7,8706
SELL0367,Royal Home Kart 367,Home,Nagpur,3.8,8087
SELL0368,Metro Fashion Works 368,Fashion,Delhi,4.5,5304
SELL0369,Smart Books Supplies 369,Books,Nagpur,3.7,169
SELL0370,Prime Books Retail 370,Books,Noida,4.8,4865
SELL0371,Urban Sports Store 371,Sports,Delhi,3.4,7678
SELL0372,Galaxy Appliances World 372,Appliances,Gurugram,4.1,3509
SELL0373,Daily Furniture World 373,Furniture,Indore,4.0,4702
SELL0374,Quick Books World 374,Books,Hyderabad,2.8,3374
SELL0375,Prime Grocery Bazaar 375,Grocery,Kolkata,4.1,1602
SELL0376,Daily Home Hub 376,Home,Pune,4.6,859
SELL0377,Galaxy Electronics Mart 377,Electronics,Chennai,3.6,4510
SELL0378,Daily Beauty Store 378,Beauty,Kolkata,4.4,157
SELL0379,Fresh Sports Mart 379,Sports,Mumbai,4.4,1772
SELL0380,Urban Grocery Works 380,Grocery,Delhi,4.4,2622
SELL0381,Nova Beauty Hub 381,Beauty,Lucknow,2.8,8423
SELL0382,Royal Electronics Hub 382,Electronics,Jaipur,4.5,7337
SELL0383,Prime Home Retail 383,Home,Indore,2.7,8288
SELL0384,Bright Fashion Traders 384,Fashion,Bengaluru,3.9,875
SELL0385,Bright Mobiles Hub 385,Mobiles,Delhi,3.9,7812
SELL0386,Value Sports Kart 386,Sports,Hyderabad,3.6,2338
SELL0387,Fresh Grocery World 387,Grocery,Coimbatore,4.5,4710
SELL0388,Value Home Bazaar 388,Home,Bengaluru,4.8,2490
SELL0389,Metro Grocery Supplies 389,Grocery,Noida,4.6,4758
SELL0390,Elite Mobiles Mart 390,Mobiles,Chennai,4.2,3922
SELL0391,Royal Books Kart 391,Books,Kochi,3.7,871
SELL0392,Royal Sports Mart 392,Sports,Hyderabad,4.6,7308
SELL0393,Elite Appliances Supplies 393,Appliances,Indore,3.7,8244
SELL0394,Zenith Sports Retail 394,Sports,Mumbai,3.2,2609
SELL0395,Trust Fashion Mart 395,Fashion,Noida,3.4,5360
SELL0396,Prime Home Mart 396,Home,Coimbatore,4.0,4447
SELL0397,Daily Appliances Supplies 397,Appliances,Mumbai,2.8,3271
SELL0398,Prime Appliances Traders 398,Appliances,Bengaluru,3.3,2049
SELL0399,Galaxy Grocery World 399,Grocery,Mumbai,3.1,4971
SELL0400,Eco Beauty Traders 400,Beauty,Coimbatore,4.1,3425
SELL0401,Mega Furniture Supplies 401,Furniture,Mumbai,4.2,1823
SELL0402,Nova Home Kart 402,Home,Pune,3.5,4538
SELL0403,Metro Home Works 403,Home,Nagpur,3.6,8222
SELL0404,Nova Mobiles Mart 404,Mobiles,Indore,2.9,5624
SELL0405,Trust Fashion Retail 405,Fashion,Gurugram,3.2,6862
SELL0406,Metro Electronics Kart 406,Electronics,Indore,4.2,8096
SELL0407,Urban Books World 407,Books,Nagpur,3.5,6579
SELL0408,Smart Fashion Kart 408,Fashion,Jaipur,3.7,6133
SELL0409,Eco Home Store 409,Home,Lucknow,3.0,4857
SELL0410,Prime Home Supplies 410,Home,Indore,4.2,8166
SELL0411,Mega Mobiles Store 411,Mobiles,Bengaluru,4.8,8874
SELL0412,Prime Books Traders 412,Books,Lucknow,3.1,85
SELL0413,Value Grocery Hub 413,Grocery,Mumbai,2.9,2691
SELL0414,Value Beauty Retail 414,Beauty,Gurugram,4.4,4758
SELL0415,Smart Sports Works 415,Sports,Ahmedabad,2.8,753
SELL0416,Royal Sports Traders 416,Sports,Chennai,3.8,4989
SELL0417,Royal Beauty Store 417,Beauty,Gurugram,3.7,80
SELL0418,Royal Grocery World 418,Grocery,Kolkata,4.6,1091
SELL0419,Quick Home Bazaar 419,Home,Kolkata,4.2,8650
SELL0420,Galaxy Sports Supplies 420,Sports,Delhi,4.2,1937
SELL0421,Fresh Furniture World 421,Furniture,Chennai,2.7,8393
SELL0422,Prime Electronics Hub 422,Electronics,Gurugram,3.5,7309
SELL0423,Smart Furniture Retail 423,Furniture,Pune,2.7,7166
SELL0424,Smart Fashion Retail 424,Fashion,Noida,4.7,6920
SELL0425,Bright Sports Hub 425,Sports,Hyderabad,3.1,989
SELL0426,Metro Grocery Store 426,Grocery,Delhi,3.6,426
SELL0427,Eco Appliances Bazaar 427,Appliances,Hyderabad,3.0,4502
SELL0428,Eco Fashion Supplies 428,Fashion,Nagpur,4.6,7854
SELL0429,Nova Furniture Mart 429,Furniture,Ahmedabad,3.4,195
SELL0430,Daily Mobiles Hub 430,Mobiles,Pune,3.7,7588
SELL0431,Elite Home Kart 431,Home,Lucknow,3.2,3159
SELL0432,Bright Appliances Traders 432,Appliances,Noida,3.7,3690
SELL0433,Eco Mobiles Traders 433,Mobiles,Pune,3.5,7560
SELL0434,Galaxy Fashion Kart 434,Fashion,Coimbatore,4.1,880
SELL0435,Fresh Sports Traders 435,Sports,Indore,3.0,3338
SELL0436,Nova Mobiles Store 436,Mobiles,Bengaluru,4.4,3889
SELL0437,Fresh Beauty Store 437,Beauty,Lucknow,3.4,6438
SELL0438,Fresh Books Kart 438,Books,Ahmedabad,4.0,2132
SELL0439,Nova Books Retail 439,Books,Delhi,4.2,4416
SELL0440,Zenith Books Bazaar 440,Books,Ahmedabad,3.4,6019
SELL0441,Royal Appliances Traders 441,Appliances,Coimbatore,3.5,6012
SELL0442,Smart Mobiles Retail 442,Mobiles,Noida,4.1,3205
SELL0443,Mega Appliances World 443,Appliances,Coimbatore,4.4,2283
SELL0444,Eco Home Supplies 444,Home,Hyderabad,3.9,6052
SELL0445,Urban Home Store 445,Home,Bengaluru,4.0,6429
SELL0446,Nova Appliances Traders 446,Appliances,Jaipur,4.2,4995
SELL0447,Trust Mobiles Bazaar 447,Mobiles,Delhi,3.7,4400
SELL0448,Galaxy Electronics Kart 448,Electronics,Ahmedabad,4.6,4029
SELL0449,Value Fashion World 449,Fashion,Coimbatore,4.0,5018
SELL0450,Mega Furniture Supplies 450,Furniture,Kolkata,2.7,3045
SELL0451,Urban Books Kart 451,Books,Chennai,3.3,1458
SELL0452,Royal Books Hub 452,Books,Hyderabad,2.8,7051
SELL0453,Quick Appliances Hub 453,Appliances,Pune,4.2,158
SELL0454,Eco Home Store 454,Home,Delhi,2.9,2888
SELL0455,Daily Beauty World 455,Beauty,Kochi,3.8,6824
SELL0456,Zenith Electronics Bazaar 456,Electronics,Nagpur,4.7,4723
SELL0457,Quick Grocery Hub 457,Grocery,Hyderabad,4.6,8223
SELL0458,Elite Appliances Bazaar 458,Appliances,Pune,4.8,6294
SELL0459,Galaxy Furniture Hub 459,Furniture,Coimbatore,3.2,7932
SELL0460,Daily Home Hub 460,Home,Mumbai,4.4,5314
SELL0461,Mega Home Supplies 461,Home,Lucknow,2.8,8609
SELL0462,Royal Furniture Supplies 462,Furniture,Kochi,3.4,3884
SELL0463,Eco Beauty Mart 463,Beauty,Jaipur,4.0,3902
SELL0464,Galaxy Sports Supplies 464,Sports,Hyderabad,3.0,6861
SELL0465,Fresh Home Mart 465,Home,Lucknow,4.8,1047
SELL0466,Nova Books Traders 466,Books,Bengaluru,4.7,6281
SELL0467,Elite Mobiles World 467,Mobiles,Bengaluru,4.4,6210
SELL0468,Trust Sports Hub 468,Sports,Chennai,4.6,1976
SELL0469,Urban Home Works 469,Home,Bengaluru,4.1,1487
SELL0470,Prime Grocery Retail 470,Grocery,Lucknow,3.6,2984
SELL0471,Urban Electronics Works 471,Electronics,Indore,2.9,6490
SELL0472,Smart Appliances Hub 472,Appliances,Hyderabad,2.9,4611
SELL0473,Daily Sports Supplies 473,Sports,Kochi,4.2,6833
SELL0474,Quick Beauty Mart 474,Beauty,Noida,3.2,665
SELL0475,Bright Electronics Works 475,Electronics,Mumbai,3.8,3884
SELL0476,Trust Fashion Retail 476,Fashion,Delhi,3.6,8150
SELL0477,Royal Sports Supplies 477,Sports,Noida,4.5,561
SELL0478,Royal Beauty Mart 478,Beauty,Coimbatore,4.5,3568
SELL0479,Galaxy Beauty Traders 479,Beauty,Lucknow,3.3,5473
SELL0480,Nova Fashion Supplies 480,Fashion,Kolkata,4.3,8016
SELL0481,Quick Mobiles Bazaar 481,Mobiles,Jaipur,3.3,8839
SELL0482,Urban Sports Kart 482,Sports,Gurugram,3.1,8066
SELL0483,Prime Appliances Kart 483,Appliances,Gurugram,4.1,8106
SELL0484,Smart Electronics Mart 484,Electronics,Jaipur,3.9,6740
SELL0485,Zenith Fashion Hub 485,Fashion,Chennai,3.9,4119
SELL0486,Royal Home Hub 486,Home,Noida,4.3,5334
SELL0487,Bright Mobiles Mart 487,Mobiles,Nagpur,4.6,1299
SELL0488,Nova Appliances Supplies 488,Appliances,Nagpur,4.8,6542
SELL0489,Prime Beauty Hub 489,Beauty,Chennai,3.2,7211
SELL0490,Nova Fashion Traders 490,Fashion,Nagpur,3.4,3884
SELL0491,Mega Beauty Store 491,Beauty,Kolkata,4.0,4043
SELL0492,Eco Fashion Supplies 492,Fashion,Gurugram,2.7,634
SELL0493,Bright Sports Traders 493,Sports,Hyderabad,4.7,8335
SELL0494,Zenith Beauty Traders 494,Beauty,Noida,4.1,7653
SELL0495,Elite Fashion Mart 495,Fashion,Hyderabad,3.8,1782
SELL0496,Prime Furniture Traders 496,Furniture,Bengaluru,3.2,4037
SELL0497,Bright Home Mart 497,Home,Jaipur,3.1,1808
SELL0498,Trust Electronics Retail 498,Electronics,Ahmedabad,4.1,7453
SELL0499,Prime Furniture Store 499,Furniture,Lucknow,4.5,5305
SELL0500,Urban Fashion Mart 500,Fashion,Pune,3.4,4167
SELL0501,Eco Appliances Bazaar 501,Appliances,Coimbatore,3.1,2432
SELL0502,Prime Home World 502,Home,Jaipur,4.0,4826
SELL0503,Urban Furniture Works 503,Furniture,Pune,3.9,1331
SELL0504,Quick Home Bazaar 504,Home,Kochi,4.5,616
SELL0505,Galaxy Grocery World 505,Grocery,Hyderabad,2.8,3603
SELL0506,Mega Fashion Retail 506,Fashion,Delhi,3.0,1806
SELL0507,Royal Mobiles Kart 507,Mobiles,Noida,4.5,4789
SELL0508,Urban Fashion World 508,Fashion,Nagpur,4.7,263
SELL0509,Value Beauty Mart 509,Beauty,Kolkata,3.1,1465
SELL0510,Smart Books Retail 510,Books,Kolkata,3.7,6052
SELL0511,Trust Mobiles Store 511,Mobiles,Gurugram,4.6,2325
SELL0512,Smart Beauty World 512,Beauty,Pune,3.2,248
SELL0513,Royal Grocery Works 513,Grocery,Delhi,3.2,2532
SELL0514,Daily Appliances Bazaar 514,Appliances,Kochi,3.7,732
SELL0515,Trust Sports Hub 515,Sports,Delhi,4.8,6039
SELL0516,Urban Sports Store 516,Sports,Gurugram,2.7,1154
SELL0517,Galaxy Electronics Kart 517,Electronics,Delhi,3.6,184
SELL0518,Nova Fashion Bazaar 518,Fashion,Delhi,3.6,7136
SELL0519,Quick Books Retail 519,Books,Pune,4.8,7715
SELL0520,Trust Appliances Mart 520,Appliances,Gurugram,2.8,4325
SELL0521,Quick Furniture Store 521,Furniture,Chennai,3.3,7435
SELL0522,Mega Fashion Traders 522,Fashion,Nagpur,3.6,930
SELL0523,Value Sports Hub 523,Sports,Pune,3.7,5386
SELL0524,Elite Grocery Bazaar 524,Grocery,Hyderabad,4.0,2861
SELL0525,Prime Sports Retail 525,Sports,Indore,3.2,8631
SELL0526,Smart Beauty Mart 526,Beauty,Jaipur,4.2,297
SELL0527,Trust Beauty Traders 527,Beauty,Lucknow,2.8,4105
SELL0528,Eco Appliances Works 528,Appliances,Ahmedabad,3.9,5032
SELL0529,Quick Sports Works 529,Sports,Kochi,4.8,4851
SELL0530,Daily Grocery Mart 530,Grocery,Gurugram,3.3,7206
SELL0531,Daily Grocery Kart 531,Grocery,Kolkata,3.0,1128
SELL0532,Smart Sports Kart 532,Sports,Gurugram,3.3,3640
SELL0533,Nova Grocery Works 533,Grocery,Pune,4.0,1693
SELL0534,Galaxy Home Traders 534,Home,Ahmedabad,4.2,4282
SELL0535,Smart Home Bazaar 535,Home,Delhi,3.6,1859
SELL0536,Fresh Electronics Kart 536,Electronics,Mumbai,4.3,1986
SELL0537,Daily Appliances Hub 537,Appliances,Coimbatore,3.0,4582
SELL0538,Royal Mobiles Traders 538,Mobiles,Chennai,3.9,7063
SELL0539,Value Electronics Supplies 539,Electronics,Gurugram,3.5,5816
SELL0540,Daily Appliances Retail 540,Appliances,Indore,4.6,7756
SELL0541,Value Furniture Bazaar 541,Furniture,Coimbatore,4.5,752
SELL0542,Trust Sports Bazaar 542,Sports,Lucknow,3.1,6124
SELL0543,Eco Beauty World 543,Beauty,Noida,3.7,3619
SELL0544,Urban Beauty Hub 544,Beauty,Mumbai,3.9,7191
SELL0545,Smart Sports Bazaar 545,Sports,Chennai,3.3,6943
SELL0546,Mega Furniture Works 546,Furniture,Lucknow,4.5,3435
SELL0547,Fresh Electronics Works 547,Electronics,Pune,3.5,6494
SELL0548,Mega Sports Mart 548,Sports,Bengaluru,3.0,624
SELL0549,Value Books Retail 549,Books,Jaipur,4.3,508
SELL0550,Urban Appliances Kart 550,Appliances,Ahmedabad,3.3,7858
SELL0551,Trust Fashion Works 551,Fashion,Chennai,3.9,477
SELL0552,Mega Appliances World 552,Appliances,Ahmedabad,3.8,4467
SELL0553,Urban Sports Hub 553,Sports,Delhi,2.7,6509
SELL0554,Zenith Sports Works 554,Sports,Delhi,4.6,2111
SELL0555,Mega Beauty Supplies 555,Beauty,Noida,4.0,317
SELL0556,Mega Beauty Supplies 556,Beauty,Kolkata,4.4,3380
SELL0557,Galaxy Books Retail 557,Books,Kochi,3.5,6241
SELL0558,Bright Grocery Supplies 558,Grocery,Chennai,2.8,4187
SELL0559,Mega Mobiles Works 559,Mobiles,Kochi,3.4,8208
SELL0560,Urban Beauty Store 560,Beauty,Lucknow,3.8,268
SELL0561,Royal Furniture Store 561,Furniture,Gurugram,2.7,3053
SELL0562,Trust Home Kart 562,Home,Bengaluru,3.0,7086
SELL0563,Daily Appliances Bazaar 563,Appliances,Nagpur,3.4,1250
SELL0564,Royal Beauty Store 564,Beauty,Indore,3.8,3457
SELL0565,Quick Sports Supplies 565,Sports,Mumbai,4.1,809
SELL0566,Urban Sports Retail 566,Sports,Pune,3.1,403
SELL0567,Fresh Electronics Kart 567,Electronics,Hyderabad,2.8,3277
SELL0568,Mega Electronics Kart 568,Electronics,Coimbatore,4.3,5695
SELL0569,Urban Mobiles Works 569,Mobiles,Bengaluru,3.6,5573
SELL0570,Royal Sports Hub 570,Sports,Hyderabad,4.5,279
SELL0571,Mega Beauty Mart 571,Beauty,Jaipur,4.6,152
SELL0572,Mega Home World 572,Home,Mumbai,3.1,454
SELL0573,Mega Fashion Mart 573,Fashion,Pune,3.9,8004
SELL0574,Zenith Home Kart 574,Home,Bengaluru,4.6,5946
SELL0575,Fresh Mobiles Retail 575,Mobiles,Mumbai,4.2,1822
SELL0576,Fresh Grocery Bazaar 576,Grocery,Mumbai,4.2,1849
SELL0577,Urban Sports Traders 577,Sports,Chennai,3.0,3410
SELL0578,Galaxy Fashion Kart 578,Fashion,Mumbai,3.6,1550
SELL0579,Bright Books Bazaar 579,Books,Nagpur,3.5,6228
SELL0580,Value Beauty Retail 580,Beauty,Gurugram,3.5,8257
SELL0581,Value Mobiles World 581,Mobiles,Nagpur,4.7,6802
SELL0582,Urban Home Store 582,Home,Lucknow,3.6,5045
SELL0583,Mega Appliances World 583,Appliances,Noida,3.8,3580
SELL0584,Mega Appliances Bazaar 584,Appliances,Nagpur,4.1,8760
SELL0585,Mega Fashion Retail 585,Fashion,Hyderabad,2.9,4114
SELL0586,Galaxy Fashion Mart 586,Fashion,Gurugram,3.4,7260
SELL0587,Urban Books Retail 587,Books,Jaipur,4.6,7002
SELL0588,Elite Appliances Store 588,Appliances,Hyderabad,4.1,8255
SELL0589,Value Electronics Traders 589,Electronics,Chennai,3.8,5038
SELL0590,Zenith Furniture Mart 590,Furniture,Bengaluru,4.1,1311
SELL0591,Zenith Mobiles Bazaar 591,Mobiles,Nagpur,2.9,4586
SELL0592,Quick Sports Traders 592,Sports,Noida,4.3,5264
SELL0593,Smart Beauty Works 593,Beauty,Indore,4.3,1304
SELL0594,Urban Furniture Supplies 594,Furniture,Ahmedabad,4.4,4990
SELL0595,Quick Sports Hub 595,Sports,Kolkata,4.8,1805
SELL0596,Eco Home Bazaar 596,Home,Kochi,4.8,1102
SELL0597,Smart Grocery World 597,Grocery,Delhi,3.6,8783
SELL0598,Quick Sports Bazaar 598,Sports,Noida,4.1,4312
SELL0599,Zenith Beauty Kart 599,Beauty,Mumbai,3.6,7715
SELL0600,Trust Appliances Kart 600,Appliances,Bengaluru,4.0,3625
SELL0601,Zenith Appliances Retail 601,Appliances,Kolkata,3.2,2988
SELL0602,Elite Electronics Retail 602,Electronics,Kochi,4.1,7624
SELL0603,Prime Books Retail 603,Books,Mumbai,3.8,6071
SELL0604,Trust Fashion Bazaar 604,Fashion,Lucknow,3.6,87
SELL0605,Smart Grocery Bazaar 605,Grocery,Jaipur,4.8,6259
SELL0606,Zenith Appliances Traders 606,Appliances,Bengaluru,3.2,7096
SELL0607,Urban Electronics Bazaar 607,Electronics,Indore,3.7,4325
SELL0608,Mega Fashion Hub 608,Fashion,Delhi,3.4,6902
SELL0609,Smart Appliances Hub 609,Appliances,Hyderabad,3.4,2115
SELL0610,Galaxy Mobiles Kart 610,Mobiles,Hyderabad,4.0,8383
SELL0611,Bright Books Retail 611,Books,Lucknow,3.4,602
SELL0612,Royal Appliances Works 612,Appliances,Lucknow,4.2,7207
SELL0613,Quick Grocery Kart 613,Grocery,Gurugram,3.9,4712
SELL0614,Royal Home World 614,Home,Mumbai,4.2,5879
SELL0615,Galaxy Beauty Hub 615,Beauty,Nagpur,3.9,2188
SELL0616,Quick Beauty Works 616,Beauty,Chennai,4.5,7843
SELL0617,Daily Electronics Traders 617,Electronics,Bengaluru,2.7,2278
SELL0618,Fresh Appliances Bazaar 618,Appliances,Ahmedabad,4.4,7507
SELL0619,Fresh Books Kart 619,Books,Lucknow,3.1,4939
SELL0620,Eco Furniture Bazaar 620,Furniture,Coimbatore,4.1,373
SELL0621,Bright Fashion Hub 621,Fashion,Hyderabad,4.0,8207
SELL0622,Mega Appliances Traders 622,Appliances,Noida,2.9,2208
SELL0623,Quick Beauty Works 623,Beauty,Gurugram,2.7,5356
SELL0624,Eco Books Kart 624,Books,Nagpur,2.7,2991
SELL0625,Zenith Grocery World 625,Grocery,Jaipur,3.4,7355
SELL0626,Urban Books Retail 626,Books,Kochi,3.3,2347
SELL0627,Royal Mobiles Bazaar 627,Mobiles,Coimbatore,2.9,1646
SELL0628,Fresh Electronics Hub 628,Electronics,Kochi,2.8,8529
SELL0629,Urban Mobiles Store 629,Mobiles,Kochi,4.8,8864
SELL0630,Daily Grocery Hub 630,Grocery,Indore,2.9,1153
SELL0631,Eco Appliances Retail 631,Appliances,Kochi,3.5,2485
SELL0632,Fresh Electronics World 632,Electronics,Coimbatore,2.9,4067
SELL0633,Nova Grocery Bazaar 633,Grocery,Kochi,3.8,8302
SELL0634,Urban Grocery Mart 634,Grocery,Delhi,3.5,7060
SELL0635,Prime Furniture Mart 635,Furniture,Kolkata,2.7,3133
SELL0636,Daily Appliances Retail 636,Appliances,Ahmedabad,4.5,8962
SELL0637,Galaxy Furniture Retail 637,Furniture,Nagpur,3.0,320
SELL0638,Value Electronics Supplies 638,Electronics,Delhi,3.0,2431
SELL0639,Nova Sports Mart 639,Sports,Delhi,3.5,6745
SELL0640,Prime Sports Retail 640,Sports,Gurugram,4.5,5940
SELL0641,Eco Electronics Mart 641,Electronics,Chennai,3.9,640
SELL0642,Trust Furniture Mart 642,Furniture,Chennai,4.6,5817
SELL0643,Zenith Home Traders 643,Home,Gurugram,4.8,2638
SELL0644,Royal Grocery Supplies 644,Grocery,Hyderabad,4.2,6548
SELL0645,Urban Appliances Hub 645,Appliances,Noida,2.9,1600
SELL0646,Metro Books Mart 646,Books,Jaipur,2.8,4580
SELL0647,Quick Home Retail 647,Home,Nagpur,3.1,316
SELL0648,Urban Home Kart 648,Home,Hyderabad,3.9,2601
SELL0649,Mega Fashion Hub 649,Fashion,Kochi,4.6,6899
SELL0650,Nova Electronics Store 650,Electronics,Indore,4.7,7916
SELL0651,Quick Home Kart 651,Home,Chennai,3.5,739
SELL0652,Value Mobiles Bazaar 652,Mobiles,Lucknow,3.7,4035
SELL0653,Daily Electronics Bazaar 653,Electronics,Coimbatore,3.0,4310
SELL0654,Eco Books World 654,Books,Delhi,4.7,249
SELL0655,Smart Mobiles Mart 655,Mobiles,Kochi,4.6,3268
SELL0656,Smart Mobiles World 656,Mobiles,Kolkata,4.5,6414
SELL0657,Trust Mobiles Traders 657,Mobiles,Ahmedabad,3.1,4606
SELL0658,Trust Appliances Mart 658,Appliances,Lucknow,3.4,1223
SELL0659,Smart Books Traders 659,Books,Nagpur,4.4,2215
SELL0660,Urban Books Works 660,Books,Nagpur,2.7,757
SELL0661,Mega Sports Store 661,Sports,Kochi,3.5,1305
SELL0662,Galaxy Mobiles Hub 662,Mobiles,Hyderabad,4.1,5650
SELL0663,Prime Fashion Kart 663,Fashion,Coimbatore,3.0,4032
SELL0664,Daily Mobiles World 664,Mobiles,Hyderabad,3.4,4070
SELL0665,Royal Fashion Bazaar 665,Fashion,Bengaluru,3.9,1852
SELL0666,Trust Sports Bazaar 666,Sports,Bengaluru,3.6,8852
SELL0667,Trust Electronics Store 667,Electronics,Noida,3.4,4696
SELL0668,Trust Furniture Traders 668,Furniture,Coimbatore,2.7,7626
SELL0669,Nova Appliances Supplies 669,Appliances,Chennai,3.5,2192
SELL0670,Fresh Electronics World 670,Electronics,Kolkata,3.5,3924
SELL0671,Galaxy Appliances World 671,Appliances,Lucknow,4.7,4620
SELL0672,Nova Mobiles Traders 672,Mobiles,Hyderabad,3.8,3716
SELL0673,Urban Furniture Traders 673,Furniture,Gurugram,4.5,1979
SELL0674,Bright Sports Hub 674,Sports,Gurugram,4.3,6211
SELL0675,Nova Grocery Supplies 675,Grocery,Mumbai,2.8,5241
SELL0676,Zenith Mobiles Retail 676,Mobiles,Nagpur,4.4,2838
SELL0677,Quick Furniture World 677,Furniture,Coimbatore,3.2,5900
SELL0678,Fresh Home Store 678,Home,Kolkata,4.6,4841
SELL0679,Bright Furniture Hub 679,Furniture,Jaipur,4.7,4530
SELL0680,Urban Home Mart 680,Home,Chennai,4.8,6135
SELL0681,Fresh Electronics Hub 681,Electronics,Mumbai,4.8,7318
SELL0682,Urban Fashion Works 682,Fashion,Delhi,3.4,5246
SELL0683,Urban Books Works 683,Books,Noida,4.1,8439
SELL0684,Royal Mobiles Traders 684,Mobiles,Lucknow,3.5,4769
SELL0685,Elite Books Bazaar 685,Books,Lucknow,3.3,4149
SELL0686,Fresh Beauty Kart 686,Beauty,Mumbai,2.7,7073
SELL0687,Eco Beauty Supplies 687,Beauty,Jaipur,4.0,2873
SELL0688,Trust Electronics Bazaar 688,Electronics,Noida,3.8,4325
SELL0689,Mega Books World 689,Books,Delhi,4.5,552
SELL0690,Galaxy Home Bazaar 690,Home,Indore,3.2,172
SELL0691,Prime Fashion Works 691,Fashion,Chennai,3.7,5730
SELL0692,Nova Fashion Supplies 692,Fashion,Delhi,4.2,6736
SELL0693,Trust Appliances Traders 693,Appliances,Pune,3.1,6658
SELL0694,Elite Fashion Kart 694,Fashion,Ahmedabad,3.7,7332
SELL0695,Bright Mobiles Traders 695,Mobiles,Mumbai,4.6,1089
SELL0696,Nova Sports Supplies 696,Sports,Delhi,4.2,941
SELL0697,Bright Fashion Hub 697,Fashion,Nagpur,4.9,1349
SELL0698,Bright Home Hub 698,Home,Bengaluru,4.4,1305
SELL0699,Quick Sports Bazaar 699,Sports,Gurugram,4.5,564
SELL0700,Galaxy Electronics Supplies 700,Electronics,Indore,3.5,5612
SELL0701,Elite Electronics Bazaar 701,Electronics,Noida,4.0,8485
SELL0702,Smart Sports Store 702,Sports,Jaipur,3.0,3893
SELL0703,Eco Furniture Retail 703,Furniture,Pune,4.6,8746
SELL0704,Metro Sports World 704,Sports,Ahmedabad,4.3,8274
SELL0705,Daily Beauty Works 705,Beauty,Pune,4.2,1097
SELL0706,Metro Furniture Works 706,Furniture,Delhi,3.1,2964
SELL0707,Zenith Electronics Bazaar 707,Electronics,Bengaluru,4.5,1947
SELL0708,Galaxy Furniture Mart 708,Furniture,Lucknow,4.4,297
SELL0709,Metro Books Hub 709,Books,Coimbatore,2.9,435
SELL0710,Prime Beauty Hub 710,Beauty,Delhi,4.1,2549
SELL0711,Urban Fashion Bazaar 711,Fashion,Delhi,3.3,5335
SELL0712,Bright Sports Bazaar 712,Sports,Indore,3.0,4139
SELL0713,Metro Furniture World 713,Furniture,Lucknow,3.3,8084
SELL0714,Bright Appliances Store 714,Appliances,Nagpur,4.7,8055
SELL0715,Bright Beauty Hub 715,Beauty,Bengaluru,3.4,7634
SELL0716,Mega Home Bazaar 716,Home,Kolkata,3.3,4396
SELL0717,Quick Fashion Works 717,Fashion,Chennai,3.2,4970
SELL0718,Eco Sports Supplies 718,Sports,Chennai,2.8,8296
SELL0719,Zenith Beauty Kart 719,Beauty,Nagpur,2.9,4623
SELL0720,Bright Home Store 720,Home,Indore,3.7,1442
SELL0721,Eco Books Retail 721,Books,Coimbatore,3.5,4881
SELL0722,Galaxy Home World 722,Home,Kolkata,3.0,7161
SELL0723,Metro Books Traders 723,Books,Kochi,4.0,1098
SELL0724,Daily Grocery World 724,Grocery,Hyderabad,2.9,6724
SELL0725,Bright Electronics Mart 725,Electronics,Hyderabad,4.3,1480
SELL0726,Royal Furniture Retail 726,Furniture,Nagpur,4.0,5733
SELL0727,Daily Beauty Kart 727,Beauty,Gurugram,4.1,6046
SELL0728,Prime Fashion Mart 728,Fashion,Lucknow,4.6,1084
SELL0729,Quick Home World 729,Home,Kochi,3.0,7724
SELL0730,Zenith Sports World 730,Sports,Lucknow,3.4,4211
SELL0731,Urban Furniture Traders 731,Furniture,Ahmedabad,3.0,3061
SELL0732,Zenith Grocery Traders 732,Grocery,Noida,4.4,1183
SELL0733,Smart Appliances Hub 733,Appliances,Bengaluru,4.5,1181
SELL0734,Mega Appliances World 734,Appliances,Hyderabad,4.2,7442
SELL0735,Smart Appliances Traders 735,Appliances,Kochi,3.7,1663
SELL0736,Prime Mobiles Mart 736,Mobiles,Lucknow,4.4,563
SELL0737,Eco Appliances Works 737,Appliances,Noida,3.3,4656
SELL0738,Value Appliances Retail 738,Appliances,Kochi,4.3,3274
SELL0739,Metro Appliances Retail 739,Appliances,Ahmedabad,3.8,4533
SELL0740,Value Beauty Mart 740,Beauty,Kolkata,4.4,2548
SELL0741,Royal Home Mart 741,Home,Jaipur,4.2,2938
SELL0742,Prime Beauty Supplies 742,Beauty,Jaipur,3.8,3147
SELL0743,Trust Grocery Mart 743,Grocery,Chennai,4.9,162
SELL0744,Eco Books Store 744,Books,Delhi,3.6,4080
SELL0745,Smart Mobiles Kart 745,Mobiles,Indore,4.8,1730
SELL0746,Trust Grocery Bazaar 746,Grocery,Chennai,3.1,1694
SELL0747,Smart Appliances Supplies 747,Appliances,Ahmedabad,3.2,3460
SELL0748,Value Fashion Works 748,Fashion,Kochi,3.8,539
SELL0749,Eco Appliances Works 749,Appliances,Bengaluru,4.5,6755
SELL0750,Quick Home Supplies 750,Home,Bengaluru,3.7,2376
SELL0751,Fresh Books Traders 751,Books,Mumbai,3.6,4541
SELL0752,Smart Home Supplies 752,Home,Hyderabad,4.9,1726
SELL0753,Eco Grocery World 753,Grocery,Lucknow,4.3,857
SELL0754,Royal Furniture World 754,Furniture,Ahmedabad,4.1,1380
SELL0755,Mega Fashion Bazaar 755,Fashion,Jaipur,4.1,3367
SELL0756,Prime Mobiles Hub 756,Mobiles,Chennai,3.3,8429
SELL0757,Mega Appliances Retail 757,Appliances,Indore,3.8,6511
SELL0758,Mega Sports Hub 758,Sports,Kolkata,2.9,5746
SELL0759,Bright Sports Traders 759,Sports,Noida,3.8,2439
SELL0760,Value Beauty Traders 760,Beauty,Nagpur,4.2,4061
SELL0761,Bright Home Works 761,Home,Kolkata,3.1,2888
SELL0762,Bright Mobiles Traders 762,Mobiles,Coimbatore,3.7,7871
SELL0763,Galaxy Books Traders 763,Books,Gurugram,3.9,5270
SELL0764,Zenith Electronics Retail 764,Electronics,Mumbai,4.8,4903
SELL0765,Quick Furniture Supplies 765,Furniture,Delhi,3.9,4657
SELL0766,Value Books Traders 766,Books,Ahmedabad,3.7,6611
SELL0767,Smart Furniture Kart 767,Furniture,Coimbatore,2.8,7134
SELL0768,Trust Mobiles Mart 768,Mobiles,Jaipur,3.9,4089
SELL0769,Quick Electronics Traders 769,Electronics,Chennai,3.2,3324
SELL0770,Daily Fashion Retail 770,Fashion,Mumbai,3.7,2489
SELL0771,Royal Furniture Works 771,Furniture,Mumbai,4.5,6376
SELL0772,Urban Sports Supplies 772,Sports,Gurugram,2.9,1519
SELL0773,Metro Electronics Bazaar 773,Electronics,Coimbatore,4.5,8519
SELL0774,Eco Books Store 774,Books,Coimbatore,2.9,3052
SELL0775,Bright Furniture Traders 775,Furniture,Kolkata,3.3,722
SELL0776,Elite Grocery Kart 776,Grocery,Jaipur,3.0,7840
SELL0777,Elite Sports Bazaar 777,Sports,Pune,2.8,8555
SELL0778,Metro Beauty Hub 778,Beauty,Chennai,3.2,5850
SELL0779,Fresh Furniture Retail 779,Furniture,Nagpur,3.4,1336
SELL0780,Urban Furniture Store 780,Furniture,Mumbai,3.9,4144
SELL0781,Daily Mobiles Hub 781,Mobiles,Noida,4.7,4474
SELL0782,Royal Sports Bazaar 782,Sports,Lucknow,4.0,7362
SELL0783,Daily Books Kart 783,Books,Bengaluru,4.9,5871
SELL0784,Royal Electronics Retail 784,Electronics,Kochi,4.8,5829
SELL0785,Daily Grocery Kart 785,Grocery,Mumbai,2.8,3686
SELL0786,Eco Grocery Supplies 786,Grocery,Hyderabad,3.9,8434
SELL0787,Trust Sports Supplies 787,Sports,Chennai,2.7,2948
SELL0788,Nova Home Hub 788,Home,Jaipur,2.9,53
SELL0789,Elite Furniture Store 789,Furniture,Coimbatore,4.7,290
SELL0790,Fresh Books Hub 790,Books,Chennai,4.1,1674
SELL0791,Daily Furniture Traders 791,Furniture,Hyderabad,2.8,3349
SELL0792,Quick Books Bazaar 792,Books,Gurugram,4.8,6782
SELL0793,Nova Mobiles Retail 793,Mobiles,Kochi,3.8,8442
SELL0794,Galaxy Furniture Mart 794,Furniture,Coimbatore,2.8,8975
SELL0795,Prime Fashion Bazaar 795,Fashion,Gurugram,4.7,4203
SELL0796,Trust Grocery Works 796,Grocery,Chennai,3.9,5041
SELL0797,Daily Fashion Works 797,Fashion,Kochi,3.1,8742
SELL0798,Trust Books Store 798,Books,Coimbatore,4.1,2346
SELL0799,Eco Appliances Hub 799,Appliances,Ahmedabad,3.1,6133
SELL0800,Royal Home Retail 800,Home,Noida,3.5,6059
SELL0801,Metro Fashion Kart 801,Fashion,Coimbatore,4.5,1087
SELL0802,Smart Appliances Bazaar 802,Appliances,Chennai,4.4,2200
SELL0803,Fresh Fashion Traders 803,Fashion,Bengaluru,3.5,8019
SELL0804,Nova Home Hub 804,Home,Noida,4.1,871
SELL0805,Mega Beauty World 805,Beauty,Ahmedabad,4.8,2757
SELL0806,Zenith Sports Works 806,Sports,Ahmedabad,4.7,615
SELL0807,Trust Books Works 807,Books,Mumbai,3.4,561
SELL0808,Royal Sports Hub 808,Sports,Hyderabad,3.4,6352
SELL0809,Value Books Kart 809,Books,Lucknow,2.9,1096
SELL0810,Royal Furniture Bazaar 810,Furniture,Noida,3.6,8675
SELL0811,Mega Furniture Kart 811,Furniture,Kolkata,3.4,2277
SELL0812,Fresh Appliances Mart 812,Appliances,Hyderabad,3.3,4389
SELL0813,Urban Mobiles Retail 813,Mobiles,Jaipur,3.2,2611
SELL0814,Daily Sports Works 814,Sports,Kolkata,4.8,1242
SELL0815,Bright Grocery Bazaar 815,Grocery,Kolkata,3.3,5665
SELL0816,Elite Grocery Works 816,Grocery,Kochi,4.1,1670
SELL0817,Eco Grocery Supplies 817,Grocery,Gurugram,3.1,7990
SELL0818,Metro Grocery Mart 818,Grocery,Nagpur,3.3,1546
SELL0819,Nova Home Bazaar 819,Home,Bengaluru,4.9,6067
SELL0820,Smart Books Retail 820,Books,Nagpur,2.8,1331
SELL0821,Elite Mobiles Traders 821,Mobiles,Chennai,4.7,2817
SELL0822,Smart Home Kart 822,Home,Bengaluru,2.7,7797
SELL0823,Mega Sports World 823,Sports,Lucknow,3.5,8669
SELL0824,Bright Home Supplies 824,Home,Nagpur,2.8,8015
SELL0825,Fresh Appliances World 825,Appliances,Coimbatore,3.3,6462
SELL0826,Metro Grocery Kart 826,Grocery,Noida,4.9,8239
SELL0827,Elite Sports Supplies 827,Sports,Gurugram,3.6,4267
SELL0828,Royal Sports Bazaar 828,Sports,Noida,3.0,648
SELL0829,Smart Appliances Works 829,Appliances,Chennai,3.4,5077
SELL0830,Royal Books Works 830,Books,Nagpur,2.8,7008
SELL0831,Galaxy Electronics Traders 831,Electronics,Nagpur,3.0,242
SELL0832,Elite Books Mart 832,Books,Noida,3.2,8259
SELL0833,Trust Home World 833,Home,Mumbai,4.2,4324
SELL0834,Urban Furniture Works 834,Furniture,Mumbai,4.5,3561
SELL0835,Eco Beauty Mart 835,Beauty,Coimbatore,4.6,6737
SELL0836,Urban Mobiles Hub 836,Mobiles,Mumbai,3.7,6370
SELL0837,Galaxy Sports Supplies 837,Sports,Nagpur,4.8,5983
SELL0838,Urban Beauty Works 838,Beauty,Gurugram,3.2,5995
SELL0839,Mega Beauty Hub 839,Beauty,Bengaluru,4.7,1652
SELL0840,Quick Furniture Supplies 840,Furniture,Kolkata,2.7,1389
SELL0841,Trust Furniture Retail 841,Furniture,Delhi,4.9,825
SELL0842,Eco Beauty Traders 842,Beauty,Hyderabad,3.0,4731
SELL0843,Bright Electronics Hub 843,Electronics,Chennai,4.3,8974
SELL0844,Zenith Books Retail 844,Books,Gurugram,4.3,1352
SELL0845,Trust Fashion Bazaar 845,Fashion,Ahmedabad,2.7,7069
SELL0846,Bright Furniture World 846,Furniture,Pune,4.2,931
SELL0847,Metro Fashion Works 847,Fashion,Noida,3.7,2700
SELL0848,Galaxy Electronics Kart 848,Electronics,Kolkata,3.1,7902
SELL0849,Mega Home Store 849,Home,Gurugram,3.2,3661
SELL0850,Nova Sports Works 850,Sports,Lucknow,2.7,219
SELL0851,Mega Electronics Supplies 851,Electronics,Bengaluru,3.4,8786
SELL0852,Trust Appliances Mart 852,Appliances,Coimbatore,4.2,6228
SELL0853,Value Beauty Kart 853,Beauty,Ahmedabad,2.7,5789
SELL0854,Metro Beauty Store 854,Beauty,Jaipur,3.6,328
SELL0855,Elite Fashion Mart 855,Fashion,Noida,2.9,194
SELL0856,Smart Grocery Mart 856,Grocery,Gurugram,2.8,2007
SELL0857,Metro Beauty Hub 857,Beauty,Lucknow,4.8,8651
SELL0858,Nova Home Kart 858,Home,Chennai,4.8,1092
SELL0859,Zenith Home Works 859,Home,Chennai,3.8,7760
SELL0860,Daily Electronics Bazaar 860,Electronics,Nagpur,3.0,7029
SELL0861,Smart Books World 861,Books,Kochi,3.8,5746
SELL0862,Prime Beauty Traders 862,Beauty,Jaipur,4.6,2156
SELL0863,Urban Sports World 863,Sports,Hyderabad,4.8,503
SELL0864,Metro Mobiles World 864,Mobiles,Kolkata,3.7,7755
SELL0865,Smart Mobiles Hub 865,Mobiles,Gurugram,2.8,1868
SELL0866,Elite Mobiles Supplies 866,Mobiles,Kolkata,2.9,8293
SELL0867,Royal Mobiles Mart 867,Mobiles,Kochi,4.6,5527
SELL0868,Galaxy Grocery Kart 868,Grocery,Hyderabad,3.2,2153
SELL0869,Trust Beauty World 869,Beauty,Hyderabad,2.9,4347
SELL0870,Prime Mobiles Mart 870,Mobiles,Ahmedabad,4.3,1697
SELL0871,Fresh Grocery Kart 871,Grocery,Indore,4.8,6195
SELL0872,Mega Fashion Mart 872,Fashion,Hyderabad,4.5,385
SELL0873,Value Grocery Retail 873,Grocery,Delhi,4.4,8539
SELL0874,Prime Mobiles World 874,Mobiles,Nagpur,4.8,231
SELL0875,Quick Sports Traders 875,Sports,Jaipur,4.9,8917
SELL0876,Quick Sports Retail 876,Sports,Jaipur,3.6,563
SELL0877,Mega Books World 877,Books,Lucknow,3.3,7134
SELL0878,Galaxy Beauty Retail 878,Beauty,Mumbai,3.3,6558
SELL0879,Value Home Retail 879,Home,Noida,4.0,5324
SELL0880,Quick Beauty Mart 880,Beauty,Kochi,3.3,3216
SELL0881,Eco Electronics World 881,Electronics,Lucknow,3.5,6797
SELL0882,Eco Electronics Store 882,Electronics,Delhi,3.7,6384
SELL0883,Royal Books Supplies 883,Books,Pune,4.6,6430
SELL0884,Daily Electronics Store 884,Electronics,Coimbatore,4.0,7005
SELL0885,Zenith Beauty Supplies 885,Beauty,Ahmedabad,3.8,8162
SELL0886,Bright Books Retail 886,Books,Hyderabad,3.3,8958
SELL0887,Trust Fashion Works 887,Fashion,Lucknow,2.8,8323
SELL0888,Urban Home Kart 888,Home,Indore,3.6,1101
SELL0889,Galaxy Beauty Traders 889,Beauty,Kochi,2.8,4901
SELL0890,Metro Fashion World 890,Fashion,Bengaluru,4.4,6423
SELL0891,Quick Mobiles Store 891,Mobiles,Nagpur,4.1,215
SELL0892,Daily Grocery Bazaar 892,Grocery,Indore,2.9,2763
SELL0893,Metro Furniture Retail 893,Furniture,Kochi,4.3,6124
SELL0894,Trust Furniture Hub 894,Furniture,Lucknow,2.8,1573
SELL0895,Galaxy Mobiles Supplies 895,Mobiles,Gurugram,4.6,6564
SELL0896,Trust Mobiles Kart 896,Mobiles,Kolkata,4.2,7431
SELL0897,Bright Home Hub 897,Home,Nagpur,3.4,318
SELL0898,Galaxy Mobiles Mart 898,Mobiles,Mumbai,3.4,3763
SELL0899,Value Books Store 899,Books,Hyderabad,3.8,7683
SELL0900,Royal Grocery Works 900,Grocery,Delhi,4.5,5538
SELL0901,Zenith Sports Store 901,Sports,Coimbatore,4.1,5723
SELL0902,Value Mobiles Works 902,Mobiles,Noida,4.4,7016
SELL0903,Daily Mobiles Bazaar 903,Mobiles,Jaipur,4.7,8711
SELL0904,Metro Home Works 904,Home,Kochi,4.1,8385
SELL0905,Metro Fashion Retail 905,Fashion,Mumbai,3.0,5845
SELL0906,Bright Fashion Bazaar 906,Fashion,Hyderabad,4.8,3422
SELL0907,Trust Beauty Hub 907,Beauty,Lucknow,3.7,7862
SELL0908,Trust Grocery Store 908,Grocery,Mumbai,3.4,8587
SELL0909,Quick Fashion Kart 909,Fashion,Indore,3.7,6269
SELL0910,Daily Appliances Store 910,Appliances,Coimbatore,2.9,2227
SELL0911,Zenith Books Store 911,Books,Lucknow,4.8,8740
SELL0912,Metro Books Mart 912,Books,Ahmedabad,3.2,313
SELL0913,Urban Sports Retail 913,Sports,Kolkata,3.1,7279
SELL0914,Nova Furniture Traders 914,Furniture,Noida,4.4,6115
SELL0915,Daily Sports Retail 915,Sports,Delhi,3.9,1875
SELL0916,Zenith Home Store 916,Home,Bengaluru,4.6,236
SELL0917,Galaxy Home Hub 917,Home,Bengaluru,4.6,7839
SELL0918,Mega Sports World 918,Sports,Jaipur,3.4,8604
SELL0919,Quick Electronics Store 919,Electronics,Delhi,4.8,7582
SELL0920,Mega Appliances Kart 920,Appliances,Gurugram,3.3,8595
SELL0921,Smart Grocery Store 921,Grocery,Pune,4.8,5341
SELL0922,Galaxy Mobiles Supplies 922,Mobiles,Hyderabad,3.3,7398
SELL0923,Value Books Mart 923,Books,Coimbatore,3.7,3863
SELL0924,Trust Grocery Supplies 924,Grocery,Jaipur,3.7,5302
SELL0925,Urban Furniture World 925,Furniture,Coimbatore,3.0,6440
SELL0926,Trust Home World 926,Home,Gurugram,4.3,7842
SELL0927,Nova Home Hub 927,Home,Lucknow,4.6,405
SELL0928,Value Beauty Kart 928,Beauty,Gurugram,3.1,6522
SELL0929,Metro Mobiles Store 929,Mobiles,Mumbai,4.8,3898
SELL0930,Prime Fashion Traders 930,Fashion,Jaipur,2.9,1291
SELL0931,Urban Fashion Works 931,Fashion,Delhi,4.3,1408
SELL0932,Fresh Books Hub 932,Books,Nagpur,4.1,7404
SELL0933,Metro Electronics Mart 933,Electronics,Kolkata,3.2,8728
SELL0934,Galaxy Books Bazaar 934,Books,Noida,4.0,5080
SELL0935,Smart Appliances Retail 935,Appliances,Lucknow,2.8,692
SELL0936,Galaxy Grocery Bazaar 936,Grocery,Lucknow,3.8,8159
SELL0937,Bright Electronics Hub 937,Electronics,Jaipur,3.5,2485
SELL0938,Urban Home Kart 938,Home,Nagpur,2.9,1660
SELL0939,Mega Fashion Traders 939,Fashion,Lucknow,3.3,7159
SELL0940,Quick Sports Retail 940,Sports,Pune,3.0,1065
SELL0941,Trust Mobiles Retail 941,Mobiles,Delhi,4.7,2009
SELL0942,Elite Mobiles Mart 942,Mobiles,Bengaluru,3.5,2276
SELL0943,Prime Furniture Store 943,Furniture,Kolkata,4.4,7579
SELL0944,Galaxy Beauty Traders 944,Beauty,Mumbai,2.8,3803
SELL0945,Elite Beauty Hub 945,Beauty,Mumbai,3.1,88
SELL0946,Metro Home Bazaar 946,Home,Ahmedabad,4.0,740
SELL0947,Royal Grocery Supplies 947,Grocery,Coimbatore,2.9,4458
SELL0948,Prime Home Works 948,Home,Chennai,3.6,2144
SELL0949,Elite Electronics Bazaar 949,Electronics,Mumbai,3.5,5881
SELL0950,Mega Grocery Retail 950,Grocery,Lucknow,3.0,5250
SELL0951,Prime Appliances Works 951,Appliances,Mumbai,4.0,2587
SELL0952,Galaxy Appliances Kart 952,Appliances,Bengaluru,3.5,3050
SELL0953,Trust Books Supplies 953,Books,Delhi,4.0,2712
SELL0954,Royal Furniture Kart 954,Furniture,Mumbai,3.9,7064
SELL0955,Smart Beauty Works 955,Beauty,Noida,3.8,1561
SELL0956,Eco Furniture Retail 956,Furniture,Ahmedabad,4.6,3329
SELL0957,Fresh Mobiles Traders 957,Mobiles,Chennai,4.7,8918
SELL0958,Zenith Fashion Works 958,Fashion,Kochi,3.0,3428
SELL0959,Trust Appliances Traders 959,Appliances,Lucknow,3.6,2598
SELL0960,Urban Home Kart 960,Home,Kochi,2.7,4264
SELL0961,Bright Electronics Works 961,Electronics,Gurugram,3.1,1770
SELL0962,Royal Beauty Kart 962,Beauty,Bengaluru,4.8,4070
SELL0963,Value Grocery Traders 963,Grocery,Ahmedabad,4.3,7889
SELL0964,Fresh Home World 964,Home,Jaipur,4.2,4890
SELL0965,Elite Books Retail 965,Books,Gurugram,3.7,2207
SELL0966,Metro Furniture Traders 966,Furniture,Bengaluru,4.4,6695
SELL0967,Zenith Grocery World 967,Grocery,Ahmedabad,4.6,5883
SELL0968,Smart Sports Hub 968,Sports,Kolkata,4.2,7021
SELL0969,Royal Sports Bazaar 969,Sports,Indore,3.7,4595
SELL0970,Urban Fashion Works 970,Fashion,Indore,3.7,500
SELL0971,Metro Home Kart 971,Home,Mumbai,4.4,3680
SELL0972,Eco Sports Kart 972,Sports,Chennai,4.8,1340
SELL0973,Value Appliances Works 973,Appliances,Delhi,2.7,8954
SELL0974,Eco Books Mart 974,Books,Lucknow,4.2,8598
SELL0975,Mega Books Kart 975,Books,Indore,4.9,7702
SELL0976,Value Books Mart 976,Books,Ahmedabad,3.3,575
SELL0977,Bright Sports Traders 977,Sports,Indore,3.6,7449
SELL0978,Nova Electronics Hub 978,Electronics,Ahmedabad,4.1,8263
SELL0979,Fresh Fashion Supplies 979,Fashion,Delhi,4.1,825
SELL0980,Smart Grocery Traders 980,Grocery,Lucknow,2.9,1012
SELL0981,Trust Beauty World 981,Beauty,Pune,3.8,7885
SELL0982,Nova Books Works 982,Books,Nagpur,4.7,2894
SELL0983,Galaxy Books World 983,Books,Indore,4.6,4610
SELL0984,Smart Fashion Supplies 984,Fashion,Hyderabad,4.6,1900
SELL0985,Bright Electronics Mart 985,Electronics,Jaipur,2.9,4646
SELL0986,Royal Electronics World 986,Electronics,Jaipur,4.2,4469
SELL0987,Fresh Mobiles Traders 987,Mobiles,Ahmedabad,4.2,1344
SELL0988,Mega Furniture Works 988,Furniture,Nagpur,3.8,7655
SELL0989,Trust Appliances Works 989,Appliances,Pune,3.0,6749
SELL0990,Eco Home Traders 990,Home,Delhi,4.4,7346
SELL0991,Prime Beauty World 991,Beauty,Kochi,4.2,4242
SELL0992,Galaxy Electronics Bazaar 992,Electronics,Gurugram,4.1,6337
SELL0993,Mega Sports World 993,Sports,Kolkata,3.5,1273
SELL0994,Smart Books Mart 994,Books,Delhi,4.1,3947
SELL0995,Royal Books Store 995,Books,Mumbai,2.7,5664
SELL0996,Value Beauty Works 996,Beauty,Mumbai,4.1,1902
SELL0997,Quick Electronics World 997,Electronics,Hyderabad,4.2,819
SELL0998,Urban Electronics Store 998,Electronics,Coimbatore,3.2,7866
SELL0999,Zenith Fashion Bazaar 999,Fashion,Gurugram,4.0,466
SELL1000,Fresh Home Hub 1000,Home,Indore,3.5,3072
